,citing_author,paper_citing_id,cited_author,paper_cited_id,time
0,0,0,15,15,0
1,1,1,15,15,0
2,2,2,15,15,0
3,3,3,17,17,0
4,4,4,8,8,0
5,5,5,6,6,0
6,6,6,0,0,0
7,7,7,18,18,0
8,8,8,13,13,0
9,9,9,8,8,0
10,10,10,14,14,0
11,11,11,13,13,0
12,12,12,19,19,0
13,13,13,15,15,0
14,14,14,17,17,0
15,15,15,16,16,0
16,16,16,4,4,0
17,17,17,9,9,0
18,18,18,7,7,0
19,19,19,3,3,0
20,0,20,15,15,1
21,0,20,12,12,1
22,0,20,9,9,1
23,1,21,10,10,1
24,1,21,13,13,1
25,1,21,2,2,1
26,2,22,3,3,1
27,2,22,8,8,1
28,3,23,16,16,1
29,4,24,15,15,1
30,4,24,18,18,1
31,4,24,13,13,1
32,5,25,8,8,1
33,6,26,15,15,1
34,6,26,16,16,1
35,6,26,5,5,1
36,7,27,9,9,1
37,8,28,13,13,1
38,8,28,8,8,1
39,9,29,3,3,1
40,9,29,18,18,1
41,9,29,4,4,1
42,10,30,0,0,1
43,10,30,18,18,1
44,10,30,7,7,1
45,11,31,16,16,1
46,11,31,14,14,1
47,12,32,15,15,1
48,12,32,9,9,1
49,13,33,13,13,1
50,13,33,16,16,1
51,14,34,13,13,1
52,14,34,9,9,1
53,15,35,8,8,1
54,15,35,18,18,1
55,15,35,15,15,1
56,16,36,13,13,1
57,17,37,5,5,1
58,17,37,2,2,1
59,17,37,7,7,1
60,18,38,9,9,1
61,19,39,10,10,1
62,0,40,10,10,2
63,1,41,2,2,2
64,1,41,17,17,2
65,2,42,15,15,2
66,2,42,10,10,2
67,2,42,2,2,2
68,3,43,14,14,2
69,4,44,3,3,2
70,5,45,0,20,2
71,5,45,13,13,2
72,5,45,7,27,2
73,6,46,8,8,2
74,6,46,0,0,2
75,7,47,7,7,2
76,8,48,7,7,2
77,8,48,16,16,2
78,9,49,1,21,2
79,9,49,12,12,2
80,9,49,11,11,2
81,10,50,15,15,2
82,10,50,19,39,2
83,10,50,5,5,2
84,11,51,9,9,2
85,11,51,15,15,2
86,11,51,3,3,2
87,12,52,0,0,2
88,12,52,12,32,2
89,12,52,9,29,2
90,13,53,8,8,2
91,13,53,16,16,2
92,14,54,5,5,2
93,14,54,6,6,2
94,14,54,15,15,2
95,15,55,5,25,2
96,15,55,5,5,2
97,15,55,15,15,2
98,16,56,18,18,2
99,16,56,13,13,2
100,17,57,12,12,2
101,17,57,1,21,2
102,17,57,9,29,2
103,18,58,8,8,2
104,19,59,9,9,2
105,19,59,14,14,2
106,19,59,6,6,2
107,0,60,3,3,3
108,0,60,15,15,3
109,0,60,9,9,3
110,1,61,8,8,3
111,1,61,18,58,3
112,1,61,15,15,3
113,2,62,19,39,3
114,2,62,16,16,3
115,2,62,16,36,3
116,3,63,9,9,3
117,3,63,18,18,3
118,3,63,12,12,3
119,4,64,15,15,3
120,4,64,18,38,3
121,4,64,18,18,3
122,5,65,14,14,3
123,5,65,16,16,3
124,6,66,7,7,3
125,6,66,16,16,3
126,7,67,0,0,3
127,8,68,15,15,3
128,8,68,5,5,3
129,8,68,3,3,3
130,9,69,12,12,3
131,9,69,15,15,3
132,9,69,11,31,3
133,10,70,12,32,3
134,10,70,14,14,3
135,10,70,2,2,3
136,11,71,16,16,3
137,11,71,0,0,3
138,11,71,13,53,3
139,12,72,5,45,3
140,13,73,13,53,3
141,13,73,14,14,3
142,13,73,0,0,3
143,14,74,18,58,3
144,15,75,16,36,3
145,15,75,14,14,3
146,15,75,16,16,3
147,16,76,14,14,3
148,16,76,15,15,3
149,17,77,6,6,3
150,17,77,13,13,3
151,18,78,12,12,3
152,19,79,7,7,3
153,19,79,1,21,3
154,19,79,10,50,3
155,0,80,8,8,4
156,0,80,10,10,4
157,0,80,6,6,4
158,1,81,8,8,4
159,1,81,16,16,4
160,2,82,19,19,4
161,2,82,7,7,4
162,2,82,17,77,4
163,3,83,17,17,4
164,3,83,16,16,4
165,4,84,15,15,4
166,5,85,13,13,4
167,5,85,16,36,4
168,5,85,11,31,4
169,6,86,15,35,4
170,7,87,18,58,4
171,7,87,9,9,4
172,8,88,0,0,4
173,9,89,14,34,4
174,10,90,3,3,4
175,11,91,16,56,4
176,12,92,16,36,4
177,12,92,15,15,4
178,12,92,8,8,4
179,13,93,11,11,4
180,13,93,17,77,4
181,13,93,12,12,4
182,14,94,2,2,4
183,14,94,15,15,4
184,15,95,3,3,4
185,16,96,13,53,4
186,16,96,14,14,4
187,16,96,17,17,4
188,17,97,18,38,4
189,17,97,6,6,4
190,18,98,0,20,4
191,18,98,16,16,4
192,18,98,7,7,4
193,19,99,16,16,4
194,0,100,17,97,5
195,0,100,18,18,5
196,1,101,10,10,5
197,2,102,0,0,5
198,2,102,12,12,5
199,3,103,18,38,5
200,3,103,8,68,5
201,4,104,18,18,5
202,5,105,0,20,5
203,6,106,15,15,5
204,7,107,16,16,5
205,8,108,16,56,5
206,9,109,12,12,5
207,9,109,4,4,5
208,10,110,1,41,5
209,10,110,16,36,5
210,11,111,16,16,5
211,11,111,17,77,5
212,12,112,9,9,5
213,12,112,14,14,5
214,13,113,13,13,5
215,13,113,0,20,5
216,14,114,9,89,5
217,15,115,9,49,5
218,16,116,9,9,5
219,16,116,2,2,5
220,17,117,14,14,5
221,17,117,10,10,5
222,17,117,8,8,5
223,18,118,11,51,5
224,19,119,18,78,5
225,19,119,18,18,5
226,19,119,2,2,5
227,0,120,19,59,6
228,1,121,18,18,6
229,2,122,12,32,6
230,2,122,6,86,6
231,2,122,15,115,6
232,3,123,4,4,6
233,4,124,5,25,6
234,4,124,6,46,6
235,5,125,15,15,6
236,5,125,2,82,6
237,5,125,0,20,6
238,6,126,7,7,6
239,7,127,10,10,6
240,8,128,17,77,6
241,8,128,14,14,6
242,9,129,16,16,6
243,9,129,18,18,6
244,9,129,10,30,6
245,10,130,14,34,6
246,11,131,0,0,6
247,11,131,15,15,6
248,12,132,8,8,6
249,12,132,5,45,6
250,12,132,9,69,6
251,13,133,18,18,6
252,13,133,9,9,6
253,13,133,17,17,6
254,14,134,8,8,6
255,14,134,3,3,6
256,14,134,13,113,6
257,15,135,16,16,6
258,16,136,13,13,6
259,17,137,0,0,6
260,18,138,15,15,6
261,18,138,5,65,6
262,18,138,18,38,6
263,19,139,18,98,6
264,19,139,3,3,6
265,0,140,5,5,7
266,1,141,14,14,7
267,2,142,16,16,7
268,2,142,15,15,7
269,2,142,16,76,7
270,3,143,7,27,7
271,3,143,13,13,7
272,3,143,8,8,7
273,4,144,10,10,7
274,5,145,10,10,7
275,5,145,1,61,7
276,5,145,8,8,7
277,6,146,15,15,7
278,6,146,8,8,7
279,7,147,18,18,7
280,7,147,9,9,7
281,8,148,13,13,7
282,8,148,8,8,7
283,9,149,18,18,7
284,9,149,9,9,7
285,9,149,12,32,7
286,10,150,19,19,7
287,10,150,1,61,7
288,11,151,9,9,7
289,12,152,18,78,7
290,12,152,4,104,7
291,13,153,1,121,7
292,13,153,18,58,7
293,13,153,7,7,7
294,14,154,17,17,7
295,14,154,18,58,7
296,14,154,15,15,7
297,15,155,13,13,7
298,15,155,16,36,7
299,15,155,16,16,7
300,16,156,12,32,7
301,17,157,0,80,7
302,17,157,13,13,7
303,18,158,14,134,7
304,18,158,17,17,7
305,18,158,2,42,7
306,19,159,12,72,7
307,19,159,3,3,7
308,19,159,14,14,7
309,0,160,15,15,8
310,1,161,13,13,8
311,2,162,18,78,8
312,2,162,6,86,8
313,3,163,14,114,8
314,3,163,6,106,8
315,3,163,19,39,8
316,4,164,19,79,8
317,4,164,12,12,8
318,5,165,8,8,8
319,6,166,10,10,8
320,6,166,3,83,8
321,7,167,9,49,8
322,8,168,3,3,8
323,8,168,7,47,8
324,8,168,19,59,8
325,9,169,19,19,8
326,10,170,18,18,8
327,11,171,16,16,8
328,11,171,9,9,8
329,12,172,5,145,8
330,12,172,0,20,8
331,12,172,9,9,8
332,13,173,5,45,8
333,14,174,4,124,8
334,14,174,7,27,8
335,15,175,7,147,8
336,16,176,17,17,8
337,17,177,12,12,8
338,18,178,11,71,8
339,18,178,9,9,8
340,18,178,0,40,8
341,19,179,13,13,8
342,0,180,9,149,9
343,0,180,13,13,9
344,0,180,15,135,9
345,1,181,17,97,9
346,1,181,12,12,9
347,2,182,19,39,9
348,2,182,3,23,9
349,3,183,16,36,9
350,4,184,10,170,9
351,4,184,8,148,9
352,4,184,10,90,9
353,5,185,15,15,9
354,6,186,1,21,9
355,7,187,17,17,9
356,7,187,16,16,9
357,8,188,18,98,9
358,9,189,9,109,9
359,9,189,18,38,9
360,10,190,17,137,9
361,11,191,5,65,9
362,11,191,1,141,9
363,12,192,14,34,9
364,12,192,19,19,9
365,12,192,16,36,9
366,13,193,13,93,9
367,13,193,10,130,9
368,13,193,14,174,9
369,14,194,6,6,9
370,14,194,18,38,9
371,14,194,9,9,9
372,15,195,19,119,9
373,16,196,13,13,9
374,16,196,19,39,9
375,17,197,18,138,9
376,17,197,2,2,9
377,18,198,4,124,9
378,19,199,4,124,9
379,0,200,15,15,10
380,1,201,7,7,10
381,2,202,8,28,10
382,3,203,9,9,10
383,3,203,5,45,10
384,3,203,0,120,10
385,4,204,17,77,10
386,5,205,9,129,10
387,6,206,11,111,10
388,7,207,19,19,10
389,7,207,16,16,10
390,8,208,15,175,10
391,8,208,13,13,10
392,9,209,3,83,10
393,9,209,13,13,10
394,10,210,8,8,10
395,10,210,4,124,10
396,10,210,3,3,10
397,11,211,3,3,10
398,12,212,2,2,10
399,12,212,19,39,10
400,13,213,13,13,10
401,13,213,18,18,10
402,13,213,11,71,10
403,14,214,8,148,10
404,15,215,0,160,10
405,15,215,14,34,10
406,16,216,5,45,10
407,16,216,5,65,10
408,16,216,13,73,10
409,17,217,19,19,10
410,17,217,16,16,10
411,18,218,16,16,10
412,19,219,8,8,10
413,19,219,15,15,10
414,19,219,3,3,10
415,0,220,13,53,11
416,1,221,0,0,11
417,1,221,19,159,11
418,1,221,19,219,11
419,2,222,8,28,11
420,3,223,17,77,11
421,3,223,7,7,11
422,3,223,18,18,11
423,4,224,5,65,11
424,5,225,13,73,11
425,6,226,18,138,11
426,6,226,13,13,11
427,7,227,16,36,11
428,8,228,0,0,11
429,9,229,9,9,11
430,9,229,7,147,11
431,9,229,11,71,11
432,10,230,15,15,11
433,10,230,12,132,11
434,11,231,19,59,11
435,11,231,0,0,11
436,11,231,8,8,11
437,12,232,14,34,11
438,12,232,2,2,11
439,12,232,17,17,11
440,13,233,9,9,11
441,14,234,0,20,11
442,14,234,17,97,11
443,15,235,0,0,11
444,16,236,10,30,11
445,17,237,18,18,11
446,17,237,19,19,11
447,17,237,2,42,11
448,18,238,12,12,11
449,18,238,8,148,11
450,18,238,9,9,11
451,19,239,15,15,11
452,19,239,5,45,11
453,0,240,13,233,12
454,0,240,6,206,12
455,1,241,2,202,12
456,2,242,18,78,12
457,2,242,17,97,12
458,3,243,8,28,12
459,3,243,16,196,12
460,4,244,4,124,12
461,5,245,15,15,12
462,5,245,4,24,12
463,6,246,12,52,12
464,7,247,0,20,12
465,7,247,8,8,12
466,8,248,8,8,12
467,8,248,9,169,12
468,9,249,5,5,12
469,9,249,0,60,12
470,9,249,3,203,12
471,10,250,15,15,12
472,11,251,7,127,12
473,11,251,16,56,12
474,11,251,5,45,12
475,12,252,13,13,12
476,12,252,16,16,12
477,12,252,3,3,12
478,13,253,17,77,12
479,13,253,9,9,12
480,13,253,8,68,12
481,14,254,0,20,12
482,14,254,4,124,12
483,14,254,0,120,12
484,15,255,18,118,12
485,15,255,15,15,12
486,15,255,18,38,12
487,16,256,18,58,12
488,16,256,8,8,12
489,16,256,0,140,12
490,17,257,5,165,12
491,17,257,8,8,12
492,18,258,8,28,12
493,19,259,15,55,12
494,0,260,16,56,13
495,1,261,3,203,13
496,1,261,18,18,13
497,2,262,7,7,13
498,3,263,19,19,13
499,3,263,9,129,13
500,3,263,0,120,13
501,4,264,18,238,13
502,4,264,2,202,13
503,5,265,2,62,13
504,6,266,16,16,13
505,7,267,10,10,13
506,7,267,18,38,13
507,8,268,10,10,13
508,8,268,16,16,13
509,9,269,17,197,13
510,9,269,8,8,13
511,9,269,15,15,13
512,10,270,10,30,13
513,10,270,19,59,13
514,11,271,9,9,13
515,12,272,2,2,13
516,13,273,18,58,13
517,13,273,15,15,13
518,14,274,0,120,13
519,14,274,8,8,13
520,14,274,11,131,13
521,15,275,19,199,13
522,15,275,5,125,13
523,15,275,17,77,13
524,16,276,19,99,13
525,16,276,9,9,13
526,17,277,15,55,13
527,17,277,16,256,13
528,18,278,19,59,13
529,18,278,3,3,13
530,19,279,13,13,13
531,19,279,18,38,13
532,19,279,17,157,13
533,0,280,7,7,14
534,0,280,18,118,14
535,1,281,18,98,14
536,1,281,17,97,14
537,1,281,10,170,14
538,2,282,4,124,14
539,3,283,0,0,14
540,3,283,15,235,14
541,4,284,15,15,14
542,5,285,13,213,14
543,6,286,1,241,14
544,6,286,0,120,14
545,7,287,9,269,14
546,7,287,3,3,14
547,7,287,19,39,14
548,8,288,14,214,14
549,8,288,8,148,14
550,8,288,16,76,14
551,9,289,9,209,14
552,10,290,0,0,14
553,11,291,16,16,14
554,11,291,2,182,14
555,12,292,17,157,14
556,12,292,2,62,14
557,13,293,15,15,14
558,13,293,7,7,14
559,14,294,16,156,14
560,14,294,13,73,14
561,14,294,10,130,14
562,15,295,12,12,14
563,15,295,7,47,14
564,16,296,17,77,14
565,17,297,8,8,14
566,17,297,10,10,14
567,18,298,18,58,14
568,18,298,2,122,14
569,19,299,8,28,14
570,19,299,3,143,14
571,19,299,9,69,14
572,0,300,8,8,15
573,1,301,7,7,15
574,2,302,0,0,15
575,2,302,9,9,15
576,2,302,8,8,15
577,3,303,16,16,15
578,4,304,5,5,15
579,4,304,15,175,15
580,5,305,3,183,15
581,5,305,8,128,15
582,5,305,18,38,15
583,6,306,12,172,15
584,6,306,4,124,15
585,6,306,10,10,15
586,7,307,9,9,15
587,7,307,17,77,15
588,7,307,0,0,15
589,8,308,16,16,15
590,9,309,9,29,15
591,9,309,2,62,15
592,9,309,16,16,15
593,10,310,14,34,15
594,11,311,16,16,15
595,11,311,6,26,15
596,11,311,8,8,15
597,12,312,18,258,15
598,13,313,16,36,15
599,13,313,10,10,15
600,13,313,16,56,15
601,14,314,3,3,15
602,14,314,19,219,15
603,14,314,15,15,15
604,15,315,19,119,15
605,15,315,15,15,15
606,16,316,4,184,15
607,16,316,14,154,15
608,16,316,10,90,15
609,17,317,9,229,15
610,17,317,16,36,15
611,17,317,13,253,15
612,18,318,17,197,15
613,18,318,13,13,15
614,19,319,13,53,15
615,0,320,7,147,16
616,0,320,17,17,16
617,1,321,1,21,16
618,1,321,16,16,16
619,2,322,7,307,16
620,2,322,11,211,16
621,3,323,2,62,16
622,3,323,16,296,16
623,3,323,8,8,16
624,4,324,11,11,16
625,5,325,15,315,16
626,5,325,2,62,16
627,5,325,13,13,16
628,6,326,9,209,16
629,7,327,0,100,16
630,8,328,4,184,16
631,9,329,18,18,16
632,9,329,8,8,16
633,10,330,13,13,16
634,10,330,3,183,16
635,11,331,16,16,16
636,11,331,10,170,16
637,12,332,8,8,16
638,13,333,8,148,16
639,13,333,0,20,16
640,13,333,7,7,16
641,14,334,2,2,16
642,14,334,19,19,16
643,15,335,17,17,16
644,16,336,14,14,16
645,16,336,13,13,16
646,17,337,10,190,16
647,17,337,6,46,16
648,17,337,18,98,16
649,18,338,0,0,16
650,18,338,7,7,16
651,19,339,10,10,16
652,19,339,16,76,16
653,19,339,13,73,16
654,0,340,0,60,17
655,0,340,15,135,17
656,0,340,14,34,17
657,1,341,6,206,17
658,1,341,7,107,17
659,1,341,5,5,17
660,2,342,19,39,17
661,2,342,9,9,17
662,3,343,2,2,17
663,3,343,9,9,17
664,4,344,19,199,17
665,4,344,11,31,17
666,5,345,12,172,17
667,6,346,15,15,17
668,6,346,1,61,17
669,6,346,13,133,17
670,7,347,4,24,17
671,8,348,3,3,17
672,9,349,18,318,17
673,9,349,6,86,17
674,9,349,13,53,17
675,10,350,4,124,17
676,11,351,5,45,17
677,12,352,19,59,17
678,12,352,9,129,17
679,13,353,13,13,17
680,13,353,9,9,17
681,14,354,10,330,17
682,14,354,5,45,17
683,14,354,1,61,17
684,15,355,14,34,17
685,15,355,13,13,17
686,16,356,0,220,17
687,17,357,0,20,17
688,17,357,0,0,17
689,17,357,18,18,17
690,18,358,16,16,17
691,18,358,9,29,17
692,18,358,17,77,17
693,19,359,16,16,17
694,19,359,6,106,17
695,19,359,18,18,17
696,0,360,5,245,18
697,0,360,0,0,18
698,1,361,12,232,18
699,1,361,3,343,18
700,1,361,18,278,18
701,2,362,7,27,18
702,2,362,2,202,18
703,3,363,5,245,18
704,3,363,3,3,18
705,3,363,13,13,18
706,4,364,10,30,18
707,4,364,12,12,18
708,5,365,9,49,18
709,6,366,13,13,18
710,7,367,12,232,18
711,7,367,18,118,18
712,8,368,7,7,18
713,9,369,13,133,18
714,9,369,10,30,18
715,10,370,10,50,18
716,11,371,15,35,18
717,11,371,8,8,18
718,12,372,18,118,18
719,13,373,18,58,18
720,13,373,18,18,18
721,14,374,6,206,18
722,14,374,15,15,18
723,15,375,16,36,18
724,15,375,9,69,18
725,15,375,0,0,18
726,16,376,18,318,18
727,16,376,11,71,18
728,16,376,8,8,18
729,17,377,17,97,18
730,17,377,8,148,18
731,17,377,8,28,18
732,18,378,0,0,18
733,18,378,12,12,18
734,18,378,6,326,18
735,19,379,17,137,18
736,19,379,17,17,18
737,19,379,19,59,18
738,0,380,10,190,19
739,0,380,4,264,19
740,0,380,15,15,19
741,1,381,6,246,19
742,1,381,13,13,19
743,2,382,5,5,19
744,2,382,18,78,19
745,2,382,15,215,19
746,3,383,9,9,19
747,3,383,2,62,19
748,4,384,18,78,19
749,4,384,9,129,19
750,4,384,2,202,19
751,5,385,3,263,19
752,5,385,11,71,19
753,5,385,0,0,19
754,6,386,17,97,19
755,7,387,19,19,19
756,8,388,18,318,19
757,8,388,2,182,19
758,9,389,0,120,19
759,9,389,10,10,19
760,10,390,7,227,19
761,11,391,9,9,19
762,11,391,13,13,19
763,12,392,7,267,19
764,12,392,10,10,19
765,12,392,16,56,19
766,13,393,13,13,19
767,14,394,3,43,19
768,14,394,17,97,19
769,15,395,6,26,19
770,15,395,12,212,19
771,16,396,9,9,19
772,16,396,13,13,19
773,17,397,9,329,19
774,17,397,7,107,19
775,17,397,7,247,19
776,18,398,0,20,19
777,18,398,16,16,19
778,18,398,8,8,19
779,19,399,0,0,19
780,19,399,15,15,19
781,19,399,17,377,19
782,0,400,17,157,20
783,0,400,17,77,20
784,0,400,16,16,20
785,1,401,15,15,20
786,1,401,2,242,20
787,1,401,1,241,20
788,2,402,7,107,20
789,2,402,15,375,20
790,3,403,0,0,20
791,3,403,7,267,20
792,3,403,19,319,20
793,4,404,15,15,20
794,5,405,13,13,20
795,6,406,8,8,20
796,6,406,10,390,20
797,7,407,13,293,20
798,7,407,10,30,20
799,8,408,6,66,20
800,9,409,14,134,20
801,9,409,13,13,20
802,10,410,18,58,20
803,10,410,0,20,20
804,11,411,10,170,20
805,11,411,7,247,20
806,11,411,3,3,20
807,12,412,14,14,20
808,12,412,18,398,20
809,13,413,8,328,20
810,13,413,8,8,20
811,13,413,10,10,20
812,14,414,8,8,20
813,14,414,18,258,20
814,15,415,13,53,20
815,15,415,15,15,20
816,15,415,9,9,20
817,16,416,9,9,20
818,16,416,16,36,20
819,17,417,15,15,20
820,17,417,15,215,20
821,17,417,2,242,20
822,18,418,17,17,20
823,18,418,15,15,20
824,19,419,7,227,20
825,19,419,16,156,20
826,19,419,14,214,20
827,0,420,13,113,21
828,0,420,5,45,21
829,0,420,10,230,21
830,1,421,0,400,21
831,1,421,3,363,21
832,2,422,17,137,21
833,2,422,9,9,21
834,3,423,2,322,21
835,4,424,9,269,21
836,4,424,9,9,21
837,4,424,9,249,21
838,5,425,12,392,21
839,5,425,0,0,21
840,5,425,16,16,21
841,6,426,1,81,21
842,6,426,13,173,21
843,6,426,3,323,21
844,7,427,11,11,21
845,7,427,15,15,21
846,8,428,7,147,21
847,8,428,9,229,21
848,8,428,15,15,21
849,9,429,6,86,21
850,10,430,5,245,21
851,10,430,19,39,21
852,10,430,6,6,21
853,11,431,11,271,21
854,12,432,18,18,21
855,12,432,13,133,21
856,13,433,2,382,21
857,13,433,10,10,21
858,14,434,12,72,21
859,15,435,8,148,21
860,15,435,14,14,21
861,16,436,7,7,21
862,16,436,14,14,21
863,16,436,18,78,21
864,17,437,0,200,21
865,17,437,19,19,21
866,17,437,18,118,21
867,18,438,12,12,21
868,18,438,12,132,21
869,18,438,2,382,21
870,19,439,2,62,21
871,19,439,4,384,21
872,19,439,0,100,21
873,0,440,4,404,22
874,0,440,2,2,22
875,0,440,17,417,22
876,1,441,15,15,22
877,1,441,2,422,22
878,2,442,18,18,22
879,3,443,1,21,22
880,3,443,6,26,22
881,4,444,17,97,22
882,4,444,19,199,22
883,4,444,19,159,22
884,5,445,8,8,22
885,6,446,1,421,22
886,7,447,12,12,22
887,7,447,3,343,22
888,7,447,5,425,22
889,8,448,2,162,22
890,8,448,12,12,22
891,8,448,15,15,22
892,9,449,19,19,22
893,9,449,9,9,22
894,9,449,9,209,22
895,10,450,14,14,22
896,10,450,0,60,22
897,10,450,3,263,22
898,11,451,10,10,22
899,12,452,17,437,22
900,12,452,5,165,22
901,12,452,13,13,22
902,13,453,16,56,22
903,14,454,18,118,22
904,15,455,19,199,22
905,15,455,13,13,22
906,16,456,0,0,22
907,16,456,9,9,22
908,16,456,19,159,22
909,17,457,7,127,22
910,17,457,2,2,22
911,17,457,0,0,22
912,18,458,13,133,22
913,18,458,16,296,22
914,19,459,17,17,22
915,0,460,3,143,23
916,1,461,11,211,23
917,1,461,2,322,23
918,1,461,18,358,23
919,2,462,15,15,23
920,2,462,18,58,23
921,3,463,14,14,23
922,4,464,12,12,23
923,4,464,0,20,23
924,4,464,9,9,23
925,5,465,17,217,23
926,5,465,5,65,23
927,6,466,12,232,23
928,6,466,13,133,23
929,6,466,7,27,23
930,7,467,15,15,23
931,7,467,6,406,23
932,8,468,18,18,23
933,9,469,0,0,23
934,10,470,6,186,23
935,10,470,18,258,23
936,11,471,0,40,23
937,11,471,8,208,23
938,11,471,9,9,23
939,12,472,12,12,23
940,12,472,10,30,23
941,12,472,1,381,23
942,13,473,15,95,23
943,13,473,19,139,23
944,14,474,2,62,23
945,14,474,13,13,23
946,15,475,19,19,23
947,16,476,0,400,23
948,16,476,5,125,23
949,17,477,13,293,23
950,17,477,9,329,23
951,18,478,14,374,23
952,18,478,13,13,23
953,19,479,18,318,23
954,19,479,16,36,23
955,0,480,19,199,24
956,0,480,4,104,24
957,1,481,16,16,24
958,1,481,5,25,24
959,2,482,9,9,24
960,2,482,16,16,24
961,2,482,13,13,24
962,3,483,15,15,24
963,3,483,9,289,24
964,4,484,15,15,24
965,4,484,15,255,24
966,4,484,1,141,24
967,5,485,19,19,24
968,5,485,8,8,24
969,6,486,0,160,24
970,7,487,8,8,24
971,7,487,7,7,24
972,7,487,11,371,24
973,8,488,11,51,24
974,9,489,18,238,24
975,10,490,9,9,24
976,10,490,3,83,24
977,11,491,9,9,24
978,11,491,0,20,24
979,12,492,13,133,24
980,13,493,0,0,24
981,13,493,3,203,24
982,14,494,3,3,24
983,14,494,0,20,24
984,14,494,7,127,24
985,15,495,19,199,24
986,16,496,17,17,24
987,16,496,12,392,24
988,17,497,11,71,24
989,17,497,11,31,24
990,18,498,9,9,24
991,18,498,18,18,24
992,18,498,15,15,24
993,19,499,2,462,24
994,19,499,10,50,24
995,0,500,2,182,25
996,0,500,19,19,25
997,1,501,0,20,25
998,1,501,13,13,25
999,1,501,11,231,25
1000,2,502,9,449,25
1001,3,503,16,16,25
1002,4,504,9,89,25
1003,4,504,18,58,25
1004,4,504,0,60,25
1005,5,505,9,189,25
1006,6,506,18,238,25
1007,7,507,12,12,25
1008,7,507,8,8,25
1009,8,508,9,9,25
1010,9,509,1,21,25
1011,9,509,2,2,25
1012,10,510,12,152,25
1013,10,510,7,27,25
1014,10,510,3,3,25
1015,11,511,14,14,25
1016,12,512,12,72,25
1017,13,513,12,12,25
1018,14,514,8,8,25
1019,14,514,2,142,25
1020,15,515,16,16,25
1021,16,516,18,318,25
1022,16,516,5,25,25
1023,16,516,13,133,25
1024,17,517,4,84,25
1025,17,517,7,227,25
1026,18,518,7,227,25
1027,18,518,17,97,25
1028,19,519,2,2,25
1029,19,519,1,81,25
1030,0,520,13,13,26
1031,0,520,3,3,26
1032,0,520,10,30,26
1033,1,521,15,335,26
1034,1,521,7,307,26
1035,1,521,0,0,26
1036,2,522,9,9,26
1037,2,522,17,217,26
1038,3,523,13,13,26
1039,3,523,3,3,26
1040,3,523,13,373,26
1041,4,524,10,10,26
1042,4,524,18,318,26
1043,4,524,7,7,26
1044,5,525,5,125,26
1045,6,526,13,113,26
1046,7,527,13,273,26
1047,7,527,8,8,26
1048,8,528,8,8,26
1049,9,529,9,229,26
1050,9,529,6,6,26
1051,10,530,15,15,26
1052,10,530,16,16,26
1053,11,531,18,58,26
1054,11,531,10,390,26
1055,11,531,16,196,26
1056,12,532,3,83,26
1057,12,532,11,351,26
1058,12,532,17,97,26
1059,13,533,10,10,26
1060,14,534,15,15,26
1061,15,535,0,120,26
1062,15,535,15,15,26
1063,15,535,4,124,26
1064,16,536,19,19,26
1065,16,536,7,247,26
1066,17,537,18,218,26
1067,17,537,15,15,26
1068,17,537,5,125,26
1069,18,538,18,158,26
1070,18,538,17,97,26
1071,19,539,8,8,26
1072,19,539,11,11,26
1073,19,539,1,61,26
1074,0,540,18,118,27
1075,0,540,4,4,27
1076,1,541,5,165,27
1077,2,542,0,100,27
1078,3,543,15,15,27
1079,3,543,19,179,27
1080,3,543,14,134,27
1081,4,544,5,525,27
1082,4,544,13,113,27
1083,4,544,15,235,27
1084,5,545,2,2,27
1085,5,545,12,92,27
1086,6,546,13,413,27
1087,7,547,14,394,27
1088,7,547,13,213,27
1089,7,547,0,0,27
1090,8,548,16,16,27
1091,8,548,10,10,27
1092,8,548,8,468,27
1093,9,549,3,263,27
1094,9,549,12,232,27
1095,9,549,8,8,27
1096,10,550,11,371,27
1097,10,550,9,9,27
1098,10,550,10,70,27
1099,11,551,2,242,27
1100,11,551,8,488,27
1101,11,551,15,15,27
1102,12,552,15,15,27
1103,12,552,2,2,27
1104,12,552,11,71,27
1105,13,553,8,208,27
1106,14,554,15,235,27
1107,14,554,15,15,27
1108,14,554,14,14,27
1109,15,555,19,199,27
1110,16,556,19,159,27
1111,16,556,2,2,27
1112,17,557,0,20,27
1113,18,558,12,32,27
1114,18,558,19,379,27
1115,18,558,6,326,27
1116,19,559,13,13,27
1117,19,559,18,138,27
1118,0,560,19,19,28
1119,0,560,12,12,28
1120,0,560,8,8,28
1121,1,561,12,332,28
1122,2,562,10,30,28
1123,3,563,1,1,28
1124,4,564,13,113,28
1125,4,564,13,33,28
1126,5,565,12,12,28
1127,5,565,9,9,28
1128,6,566,17,377,28
1129,7,567,9,269,28
1130,8,568,17,97,28
1131,8,568,14,254,28
1132,8,568,4,324,28
1133,9,569,13,313,28
1134,9,569,8,8,28
1135,10,570,9,9,28
1136,11,571,4,24,28
1137,11,571,13,33,28
1138,12,572,17,137,28
1139,13,573,2,2,28
1140,14,574,8,8,28
1141,14,574,11,531,28
1142,14,574,6,226,28
1143,15,575,11,211,28
1144,15,575,8,148,28
1145,16,576,6,466,28
1146,16,576,1,21,28
1147,17,577,6,206,28
1148,17,577,10,10,28
1149,17,577,18,98,28
1150,18,578,12,32,28
1151,19,579,16,196,28
1152,0,580,3,3,29
1153,1,581,4,264,29
1154,1,581,10,190,29
1155,1,581,18,18,29
1156,2,582,8,8,29
1157,3,583,9,9,29
1158,3,583,3,423,29
1159,4,584,6,506,29
1160,4,584,14,374,29
1161,4,584,19,19,29
1162,5,585,10,510,29
1163,5,585,7,427,29
1164,5,585,18,258,29
1165,6,586,7,247,29
1166,7,587,11,71,29
1167,8,588,10,10,29
1168,8,588,11,211,29
1169,9,589,3,83,29
1170,9,589,8,148,29
1171,9,589,0,420,29
1172,10,590,2,2,29
1173,10,590,13,233,29
1174,11,591,9,9,29
1175,11,591,3,223,29
1176,12,592,9,9,29
1177,12,592,11,231,29
1178,13,593,5,45,29
1179,13,593,5,205,29
1180,14,594,0,20,29
1181,15,595,18,78,29
1182,15,595,12,12,29
1183,15,595,16,196,29
1184,16,596,12,172,29
1185,16,596,19,239,29
1186,17,597,8,8,29
1187,18,598,0,20,29
1188,19,599,0,80,29
1189,19,599,1,21,29
1190,0,600,3,403,30
1191,1,601,5,65,30
1192,1,601,12,72,30
1193,2,602,6,206,30
1194,3,603,4,304,30
1195,3,603,18,18,30
1196,4,604,5,125,30
1197,4,604,5,365,30
1198,4,604,8,188,30
1199,5,605,15,235,30
1200,6,606,9,9,30
1201,7,607,15,75,30
1202,7,607,13,13,30
1203,8,608,16,16,30
1204,8,608,11,31,30
1205,9,609,0,40,30
1206,9,609,16,16,30
1207,9,609,15,15,30
1208,10,610,12,172,30
1209,10,610,7,47,30
1210,10,610,2,322,30
1211,11,611,8,8,30
1212,11,611,15,15,30
1213,11,611,17,97,30
1214,12,612,13,313,30
1215,12,612,6,426,30
1216,12,612,14,14,30
1217,13,613,9,9,30
1218,13,613,10,10,30
1219,14,614,9,9,30
1220,15,615,13,413,30
1221,15,615,6,46,30
1222,16,616,12,12,30
1223,16,616,16,96,30
1224,16,616,5,385,30
1225,17,617,12,52,30
1226,17,617,5,5,30
1227,18,618,14,214,30
1228,18,618,11,131,30
1229,18,618,3,3,30
1230,19,619,11,71,30
1231,19,619,18,18,30
1232,0,620,14,314,31
1233,0,620,13,13,31
1234,1,621,5,125,31
1235,1,621,10,10,31
1236,2,622,18,18,31
1237,2,622,9,209,31
1238,3,623,17,137,31
1239,3,623,5,5,31
1240,3,623,8,8,31
1241,4,624,12,172,31
1242,4,624,7,467,31
1243,5,625,15,315,31
1244,6,626,7,487,31
1245,7,627,19,119,31
1246,7,627,13,73,31
1247,8,628,8,8,31
1248,9,629,5,5,31
1249,9,629,2,502,31
1250,9,629,14,214,31
1251,10,630,17,157,31
1252,11,631,18,58,31
1253,12,632,19,379,31
1254,12,632,18,18,31
1255,12,632,4,464,31
1256,13,633,16,16,31
1257,14,634,16,16,31
1258,14,634,6,186,31
1259,15,635,2,42,31
1260,16,636,10,50,31
1261,17,637,3,3,31
1262,18,638,18,18,31
1263,18,638,0,60,31
1264,18,638,8,8,31
1265,19,639,15,15,31
1266,19,639,18,318,31
1267,0,640,4,124,32
1268,0,640,19,139,32
1269,0,640,3,83,32
1270,1,641,16,56,32
1271,1,641,7,7,32
1272,2,642,19,19,32
1273,2,642,14,314,32
1274,2,642,0,0,32
1275,3,643,7,27,32
1276,3,643,1,21,32
1277,4,644,1,41,32
1278,4,644,11,631,32
1279,4,644,16,36,32
1280,5,645,7,47,32
1281,5,645,16,36,32
1282,5,645,13,613,32
1283,6,646,0,60,32
1284,6,646,1,241,32
1285,6,646,6,6,32
1286,7,647,17,297,32
1287,7,647,16,356,32
1288,8,648,15,455,32
1289,9,649,12,12,32
1290,9,649,12,472,32
1291,9,649,17,17,32
1292,10,650,1,121,32
1293,10,650,9,9,32
1294,10,650,9,229,32
1295,11,651,10,110,32
1296,11,651,7,7,32
1297,12,652,11,131,32
1298,13,653,3,3,32
1299,13,653,18,138,32
1300,13,653,14,34,32
1301,14,654,4,544,32
1302,15,655,19,19,32
1303,15,655,11,371,32
1304,15,655,11,591,32
1305,16,656,6,326,32
1306,16,656,8,48,32
1307,17,657,0,0,32
1308,17,657,10,290,32
1309,17,657,2,602,32
1310,18,658,0,580,32
1311,19,659,14,514,32
1312,19,659,11,271,32
1313,19,659,11,11,32
1314,0,660,4,524,33
1315,1,661,19,59,33
1316,1,661,10,10,33
1317,2,662,6,46,33
1318,2,662,2,302,33
1319,3,663,8,8,33
1320,3,663,19,19,33
1321,3,663,10,10,33
1322,4,664,14,474,33
1323,5,665,8,328,33
1324,6,666,4,64,33
1325,6,666,18,58,33
1326,7,667,3,3,33
1327,8,668,0,0,33
1328,9,669,11,531,33
1329,9,669,12,492,33
1330,9,669,8,188,33
1331,10,670,11,91,33
1332,10,670,7,407,33
1333,11,671,6,546,33
1334,12,672,12,32,33
1335,12,672,16,96,33
1336,12,672,15,15,33
1337,13,673,4,24,33
1338,13,673,7,7,33
1339,14,674,3,83,33
1340,14,674,18,78,33
1341,15,675,18,58,33
1342,16,676,2,242,33
1343,16,676,15,15,33
1344,16,676,17,17,33
1345,17,677,19,239,33
1346,18,678,2,542,33
1347,19,679,18,78,33
1348,19,679,3,83,33
1349,0,680,19,599,34
1350,0,680,8,28,34
1351,0,680,5,65,34
1352,1,681,5,5,34
1353,2,682,16,16,34
1354,2,682,14,374,34
1355,2,682,5,525,34
1356,3,683,9,9,34
1357,3,683,5,425,34
1358,4,684,17,97,34
1359,5,685,10,50,34
1360,5,685,13,233,34
1361,5,685,12,532,34
1362,6,686,15,115,34
1363,6,686,5,525,34
1364,7,687,18,18,34
1365,7,687,12,612,34
1366,8,688,19,199,34
1367,9,689,1,121,34
1368,9,689,4,4,34
1369,9,689,5,265,34
1370,10,690,3,223,34
1371,11,691,18,18,34
1372,11,691,5,125,34
1373,12,692,7,307,34
1374,13,693,13,13,34
1375,14,694,13,493,34
1376,14,694,2,502,34
1377,15,695,13,133,34
1378,15,695,13,73,34
1379,15,695,2,2,34
1380,16,696,13,193,34
1381,16,696,16,16,34
1382,17,697,18,78,34
1383,17,697,8,148,34
1384,18,698,16,16,34
1385,19,699,10,190,34
1386,0,700,15,15,35
1387,0,700,0,20,35
1388,1,701,4,544,35
1389,1,701,19,159,35
1390,1,701,6,26,35
1391,2,702,19,19,35
1392,2,702,14,174,35
1393,3,703,3,283,35
1394,4,704,0,20,35
1395,4,704,6,46,35
1396,5,705,9,109,35
1397,6,706,15,235,35
1398,7,707,10,510,35
1399,7,707,9,9,35
1400,8,708,1,21,35
1401,8,708,12,152,35
1402,8,708,13,13,35
1403,9,709,18,398,35
1404,9,709,9,9,35
1405,10,710,8,8,35
1406,10,710,10,10,35
1407,11,711,10,30,35
1408,11,711,7,27,35
1409,11,711,15,15,35
1410,12,712,19,199,35
1411,12,712,18,18,35
1412,12,712,2,322,35
1413,13,713,3,3,35
1414,13,713,6,146,35
1415,13,713,15,15,35
1416,14,714,11,211,35
1417,14,714,19,179,35
1418,15,715,1,1,35
1419,15,715,14,14,35
1420,16,716,6,6,35
1421,17,717,14,574,35
1422,17,717,4,344,35
1423,18,718,17,437,35
1424,18,718,16,36,35
1425,19,719,15,15,35
1426,0,720,8,28,36
1427,1,721,15,575,36
1428,1,721,15,15,36
1429,1,721,9,9,36
1430,2,722,8,8,36
1431,2,722,19,39,36
1432,3,723,4,664,36
1433,3,723,15,15,36
1434,4,724,12,232,36
1435,4,724,13,53,36
1436,5,725,4,124,36
1437,5,725,6,86,36
1438,6,726,8,508,36
1439,7,727,12,52,36
1440,8,728,0,0,36
1441,8,728,10,170,36
1442,9,729,18,18,36
1443,10,730,12,32,36
1444,10,730,8,408,36
1445,10,730,1,241,36
1446,11,731,3,83,36
1447,12,732,8,28,36
1448,13,733,16,36,36
1449,14,734,3,3,36
1450,14,734,2,542,36
1451,14,734,18,18,36
1452,15,735,0,100,36
1453,15,735,12,12,36
1454,15,735,18,318,36
1455,16,736,16,56,36
1456,17,737,13,133,36
1457,17,737,10,10,36
1458,18,738,13,13,36
1459,19,739,4,144,36
1460,19,739,9,9,36
1461,0,740,10,190,37
1462,1,741,18,18,37
1463,1,741,4,184,37
1464,1,741,11,371,37
1465,2,742,5,65,37
1466,3,743,18,58,37
1467,4,744,9,9,37
1468,4,744,16,196,37
1469,4,744,8,148,37
1470,5,745,5,85,37
1471,5,745,19,19,37
1472,5,745,0,20,37
1473,6,746,5,65,37
1474,7,747,13,13,37
1475,7,747,8,448,37
1476,7,747,8,8,37
1477,8,748,3,463,37
1478,8,748,13,13,37
1479,8,748,12,12,37
1480,9,749,9,49,37
1481,9,749,10,10,37
1482,10,750,6,86,37
1483,10,750,7,7,37
1484,10,750,8,148,37
1485,11,751,8,8,37
1486,12,752,13,73,37
1487,12,752,16,96,37
1488,12,752,19,439,37
1489,13,753,16,16,37
1490,13,753,15,15,37
1491,13,753,9,89,37
1492,14,754,8,8,37
1493,14,754,16,16,37
1494,14,754,4,124,37
1495,15,755,9,9,37
1496,15,755,17,77,37
1497,16,756,12,212,37
1498,16,756,18,38,37
1499,17,757,9,9,37
1500,17,757,8,468,37
1501,18,758,15,15,37
1502,19,759,6,686,37
1503,19,759,16,16,37
1504,0,760,15,235,38
1505,0,760,2,422,38
1506,1,761,2,202,38
1507,1,761,17,97,38
1508,2,762,6,446,38
1509,2,762,3,3,38
1510,2,762,15,575,38
1511,3,763,15,135,38
1512,4,764,11,531,38
1513,4,764,16,16,38
1514,5,765,18,18,38
1515,6,766,6,206,38
1516,7,767,7,227,38
1517,7,767,0,100,38
1518,7,767,10,750,38
1519,8,768,15,255,38
1520,8,768,16,656,38
1521,9,769,7,507,38
1522,10,770,16,516,38
1523,10,770,17,97,38
1524,10,770,0,740,38
1525,11,771,6,546,38
1526,11,771,0,40,38
1527,11,771,14,14,38
1528,12,772,14,14,38
1529,13,773,17,177,38
1530,13,773,3,183,38
1531,14,774,8,28,38
1532,14,774,19,139,38
1533,15,775,3,323,38
1534,15,775,15,15,38
1535,15,775,8,128,38
1536,16,776,19,379,38
1537,17,777,8,8,38
1538,18,778,10,10,38
1539,18,778,6,646,38
1540,18,778,14,634,38
1541,19,779,17,77,38
1542,0,780,8,8,39
1543,0,780,7,307,39
1544,1,781,13,133,39
1545,2,782,11,211,39
1546,2,782,19,259,39
1547,2,782,15,135,39
1548,3,783,5,65,39
1549,3,783,10,390,39
1550,4,784,0,0,39
1551,5,785,18,358,39
1552,5,785,1,241,39
1553,5,785,2,322,39
1554,6,786,1,521,39
1555,7,787,17,97,39
1556,8,788,7,7,39
1557,9,789,7,687,39
1558,10,790,10,50,39
1559,10,790,17,17,39
1560,10,790,1,481,39
1561,11,791,17,77,39
1562,11,791,5,465,39
1563,12,792,7,7,39
1564,12,792,9,329,39
1565,12,792,13,533,39
1566,13,793,9,9,39
1567,13,793,12,592,39
1568,13,793,18,18,39
1569,14,794,11,211,39
1570,14,794,16,456,39
1571,14,794,15,15,39
1572,15,795,6,466,39
1573,16,796,18,578,39
1574,17,797,18,378,39
1575,17,797,16,716,39
1576,18,798,11,131,39
1577,18,798,9,9,39
1578,19,799,8,208,39
1579,19,799,19,479,39
1580,0,800,15,475,40
1581,0,800,18,598,40
1582,0,800,0,260,40
1583,1,801,18,118,40
1584,1,801,5,45,40
1585,1,801,10,490,40
1586,2,802,6,46,40
1587,3,803,17,77,40
1588,3,803,19,279,40
1589,4,804,5,425,40
1590,5,805,14,14,40
1591,5,805,16,156,40
1592,6,806,11,351,40
1593,6,806,3,343,40
1594,6,806,9,269,40
1595,7,807,2,722,40
1596,8,808,5,5,40
1597,8,808,12,12,40
1598,9,809,10,10,40
1599,10,810,12,492,40
1600,10,810,18,18,40
1601,11,811,17,17,40
1602,12,812,0,200,40
1603,12,812,10,370,40
1604,12,812,4,784,40
1605,13,813,2,202,40
1606,13,813,18,18,40
1607,14,814,15,15,40
1608,14,814,7,7,40
1609,14,814,9,9,40
1610,15,815,8,108,40
1611,15,815,14,214,40
1612,15,815,15,235,40
1613,16,816,14,174,40
1614,16,816,11,31,40
1615,17,817,0,20,40
1616,18,818,15,795,40
1617,18,818,5,5,40
1618,18,818,2,2,40
1619,19,819,8,8,40
1620,19,819,9,9,40
1621,0,820,14,594,41
1622,0,820,15,295,41
1623,1,821,17,437,41
1624,2,822,17,497,41
1625,2,822,16,16,41
1626,3,823,17,277,41
1627,3,823,8,8,41
1628,3,823,2,202,41
1629,4,824,17,717,41
1630,4,824,13,93,41
1631,5,825,10,190,41
1632,5,825,1,481,41
1633,5,825,6,666,41
1634,6,826,15,15,41
1635,6,826,15,315,41
1636,7,827,7,7,41
1637,8,828,13,213,41
1638,9,829,7,127,41
1639,10,830,0,20,41
1640,10,830,7,7,41
1641,10,830,0,100,41
1642,11,831,16,576,41
1643,11,831,14,174,41
1644,12,832,19,19,41
1645,12,832,13,13,41
1646,13,833,6,26,41
1647,14,834,12,412,41
1648,14,834,12,72,41
1649,14,834,7,347,41
1650,15,835,0,20,41
1651,15,835,16,16,41
1652,15,835,15,15,41
1653,16,836,5,305,41
1654,16,836,18,158,41
1655,16,836,17,77,41
1656,17,837,3,3,41
1657,17,837,11,751,41
1658,17,837,0,60,41
1659,18,838,5,565,41
1660,19,839,1,341,41
1661,19,839,8,148,41
1662,19,839,3,603,41
1663,0,840,18,778,42
1664,0,840,5,605,42
1665,0,840,14,434,42
1666,1,841,2,202,42
1667,1,841,1,641,42
1668,2,842,5,5,42
1669,3,843,9,9,42
1670,4,844,2,562,42
1671,5,845,8,828,42
1672,5,845,8,388,42
1673,6,846,5,45,42
1674,6,846,13,113,42
1675,7,847,3,3,42
1676,7,847,6,66,42
1677,8,848,16,656,42
1678,8,848,15,795,42
1679,8,848,15,575,42
1680,9,849,6,26,42
1681,9,849,0,20,42
1682,9,849,15,15,42
1683,10,850,1,761,42
1684,10,850,12,12,42
1685,11,851,7,307,42
1686,11,851,2,422,42
1687,11,851,8,8,42
1688,12,852,19,59,42
1689,12,852,9,649,42
1690,12,852,1,361,42
1691,13,853,10,30,42
1692,14,854,2,302,42
1693,14,854,16,16,42
1694,15,855,15,15,42
1695,15,855,17,197,42
1696,16,856,18,78,42
1697,17,857,11,31,42
1698,17,857,3,203,42
1699,17,857,6,486,42
1700,18,858,15,15,42
1701,18,858,8,108,42
1702,19,859,7,247,42
1703,19,859,2,202,42
1704,19,859,2,42,42
1705,0,860,17,17,43
1706,1,861,15,835,43
1707,2,862,5,45,43
1708,2,862,11,351,43
1709,3,863,1,41,43
1710,3,863,16,196,43
1711,4,864,9,69,43
1712,4,864,15,15,43
1713,4,864,8,528,43
1714,5,865,9,449,43
1715,5,865,17,17,43
1716,6,866,15,15,43
1717,6,866,14,174,43
1718,7,867,14,14,43
1719,7,867,18,138,43
1720,8,868,9,229,43
1721,8,868,13,13,43
1722,8,868,18,398,43
1723,9,869,0,680,43
1724,9,869,4,124,43
1725,10,870,3,3,43
1726,10,870,12,12,43
1727,10,870,9,129,43
1728,11,871,5,445,43
1729,11,871,19,19,43
1730,12,872,3,183,43
1731,12,872,6,686,43
1732,13,873,12,532,43
1733,14,874,11,531,43
1734,14,874,18,78,43
1735,14,874,12,232,43
1736,15,875,0,20,43
1737,15,875,2,162,43
1738,15,875,7,307,43
1739,16,876,4,124,43
1740,17,877,13,613,43
1741,18,878,14,14,43
1742,18,878,5,45,43
1743,18,878,0,20,43
1744,19,879,7,307,43
1745,19,879,9,49,43
1746,0,880,10,10,44
1747,0,880,10,490,44
1748,1,881,2,42,44
1749,2,882,8,8,44
1750,2,882,17,197,44
1751,3,883,9,809,44
1752,4,884,5,25,44
1753,4,884,15,15,44
1754,5,885,1,221,44
1755,5,885,19,19,44
1756,5,885,8,28,44
1757,6,886,10,190,44
1758,7,887,17,77,44
1759,8,888,5,45,44
1760,9,889,8,188,44
1761,10,890,6,46,44
1762,10,890,3,343,44
1763,11,891,7,707,44
1764,11,891,17,137,44
1765,11,891,7,7,44
1766,12,892,11,611,44
1767,12,892,9,69,44
1768,13,893,18,18,44
1769,13,893,12,12,44
1770,14,894,4,844,44
1771,14,894,19,39,44
1772,15,895,9,69,44
1773,16,896,9,149,44
1774,16,896,2,802,44
1775,16,896,8,328,44
1776,17,897,3,3,44
1777,18,898,9,269,44
1778,18,898,0,740,44
1779,18,898,8,8,44
1780,19,899,11,531,44
1781,19,899,8,8,44
1782,0,900,12,12,45
1783,0,900,19,479,45
1784,0,900,18,58,45
1785,1,901,7,27,45
1786,1,901,18,18,45
1787,1,901,6,306,45
1788,2,902,19,539,45
1789,2,902,14,394,45
1790,3,903,19,19,45
1791,4,904,7,7,45
1792,5,905,10,10,45
1793,5,905,18,38,45
1794,6,906,11,211,45
1795,6,906,14,254,45
1796,7,907,17,437,45
1797,7,907,16,56,45
1798,8,908,12,612,45
1799,8,908,14,254,45
1800,9,909,5,5,45
1801,9,909,9,9,45
1802,9,909,2,2,45
1803,10,910,11,151,45
1804,10,910,8,28,45
1805,10,910,3,283,45
1806,11,911,16,96,45
1807,11,911,3,3,45
1808,11,911,10,170,45
1809,12,912,14,14,45
1810,12,912,3,303,45
1811,12,912,0,0,45
1812,13,913,16,16,45
1813,14,914,8,148,45
1814,15,915,0,0,45
1815,15,915,8,28,45
1816,15,915,7,7,45
1817,16,916,10,10,45
1818,16,916,19,479,45
1819,16,916,13,13,45
1820,17,917,13,13,45
1821,17,917,7,7,45
1822,18,918,10,770,45
1823,19,919,9,489,45
1824,0,920,6,306,46
1825,1,921,12,12,46
1826,2,922,9,449,46
1827,3,923,18,398,46
1828,3,923,5,205,46
1829,4,924,8,8,46
1830,4,924,0,20,46
1831,4,924,15,15,46
1832,5,925,8,8,46
1833,5,925,19,59,46
1834,6,926,3,3,46
1835,7,927,1,521,46
1836,8,928,12,232,46
1837,9,929,1,41,46
1838,9,929,10,390,46
1839,9,929,1,881,46
1840,10,930,12,292,46
1841,10,930,2,382,46
1842,10,930,15,15,46
1843,11,931,13,273,46
1844,12,932,15,15,46
1845,12,932,17,17,46
1846,13,933,19,39,46
1847,14,934,4,124,46
1848,15,935,18,18,46
1849,15,935,8,468,46
1850,15,935,15,455,46
1851,16,936,13,533,46
1852,17,937,8,8,46
1853,17,937,12,32,46
1854,17,937,11,711,46
1855,18,938,13,833,46
1856,18,938,19,199,46
1857,18,938,10,10,46
1858,19,939,9,9,46
1859,19,939,15,455,46
1860,0,940,16,56,47
1861,1,941,0,400,47
1862,1,941,5,345,47
1863,1,941,9,9,47
1864,2,942,1,781,47
1865,2,942,8,148,47
1866,2,942,2,2,47
1867,3,943,9,9,47
1868,3,943,18,38,47
1869,3,943,15,55,47
1870,4,944,8,648,47
1871,4,944,9,689,47
1872,4,944,16,56,47
1873,5,945,18,38,47
1874,6,946,11,91,47
1875,6,946,10,590,47
1876,6,946,9,9,47
1877,7,947,0,120,47
1878,8,948,11,531,47
1879,8,948,16,76,47
1880,9,949,10,290,47
1881,10,950,1,61,47
1882,11,951,7,687,47
1883,11,951,10,290,47
1884,11,951,5,205,47
1885,12,952,15,875,47
1886,12,952,8,608,47
1887,13,953,11,231,47
1888,13,953,5,5,47
1889,13,953,10,10,47
1890,14,954,6,66,47
1891,14,954,16,16,47
1892,15,955,6,846,47
1893,15,955,8,8,47
1894,15,955,3,3,47
1895,16,956,16,16,47
1896,16,956,11,531,47
1897,16,956,16,36,47
1898,17,957,9,709,47
1899,17,957,10,770,47
1900,18,958,7,7,47
1901,19,959,13,33,47
1902,19,959,15,175,47
1903,19,959,17,417,47
1904,0,960,12,12,48
1905,1,961,19,239,48
1906,1,961,6,186,48
1907,1,961,8,8,48
1908,2,962,4,684,48
1909,2,962,6,686,48
1910,3,963,14,274,48
1911,4,964,9,9,48
1912,4,964,18,18,48
1913,4,964,13,13,48
1914,5,965,13,13,48
1915,6,966,9,749,48
1916,7,967,6,206,48
1917,7,967,10,10,48
1918,7,967,16,16,48
1919,8,968,2,2,48
1920,8,968,8,28,48
1921,8,968,17,117,48
1922,9,969,10,250,48
1923,10,970,12,412,48
1924,10,970,12,332,48
1925,11,971,4,924,48
1926,11,971,16,196,48
1927,11,971,4,844,48
1928,12,972,18,78,48
1929,12,972,1,141,48
1930,12,972,14,474,48
1931,13,973,9,209,48
1932,14,974,7,927,48
1933,14,974,0,360,48
1934,14,974,5,185,48
1935,15,975,0,700,48
1936,15,975,9,9,48
1937,16,976,19,279,48
1938,16,976,1,841,48
1939,17,977,10,230,48
1940,17,977,7,7,48
1941,18,978,14,694,48
1942,18,978,17,77,48
1943,18,978,8,8,48
1944,19,979,1,41,48
1945,19,979,5,385,48
1946,0,980,13,13,49
1947,1,981,18,18,49
1948,1,981,2,482,49
1949,2,982,4,4,49
1950,2,982,19,539,49
1951,2,982,13,113,49
1952,3,983,16,196,49
1953,3,983,13,813,49
1954,4,984,14,494,49
1955,4,984,16,36,49
1956,5,985,16,36,49
1957,5,985,3,3,49
1958,6,986,3,223,49
1959,6,986,8,8,49
1960,7,987,0,20,49
1961,8,988,13,293,49
1962,8,988,2,462,49
1963,9,989,2,242,49
1964,9,989,8,68,49
1965,9,989,10,10,49
1966,10,990,10,10,49
1967,10,990,18,718,49
1968,11,991,9,9,49
1969,11,991,17,17,49
1970,12,992,6,566,49
1971,12,992,2,462,49
1972,13,993,10,770,49
1973,14,994,14,694,49
1974,15,995,6,446,49
1975,15,995,9,429,49
1976,15,995,16,56,49
1977,16,996,1,241,49
1978,17,997,9,629,49
1979,17,997,5,65,49
1980,18,998,18,18,49
1981,19,999,15,315,49
1982,0,1000,18,758,50
1983,1,1001,2,242,50
1984,2,1002,2,202,50
1985,2,1002,17,837,50
1986,2,1002,16,56,50
1987,3,1003,17,97,50
1988,4,1004,18,278,50
1989,5,1005,3,543,50
1990,5,1005,5,245,50
1991,6,1006,15,315,50
1992,6,1006,17,97,50
1993,6,1006,14,134,50
1994,7,1007,1,761,50
1995,7,1007,1,821,50
1996,8,1008,2,142,50
1997,8,1008,3,3,50
1998,9,1009,15,875,50
1999,9,1009,8,148,50
2000,10,1010,3,3,50
2001,10,1010,19,19,50
2002,11,1011,19,99,50
2003,12,1012,13,373,50
2004,12,1012,17,437,50
2005,13,1013,12,912,50
2006,13,1013,3,3,50
2007,14,1014,15,15,50
2008,15,1015,8,968,50
2009,16,1016,15,15,50
2010,16,1016,12,12,50
2011,17,1017,12,772,50
2012,17,1017,13,13,50
2013,18,1018,5,5,50
2014,18,1018,13,73,50
2015,18,1018,9,9,50
2016,19,1019,5,125,50
2017,0,1020,17,77,51
2018,0,1020,9,9,51
2019,0,1020,4,124,51
2020,1,1021,11,131,51
2021,2,1022,12,612,51
2022,3,1023,5,745,51
2023,3,1023,10,190,51
2024,3,1023,0,20,51
2025,4,1024,15,15,51
2026,5,1025,8,88,51
2027,5,1025,12,212,51
2028,5,1025,14,14,51
2029,6,1026,2,482,51
2030,6,1026,7,127,51
2031,7,1027,12,192,51
2032,8,1028,19,479,51
2033,8,1028,15,15,51
2034,8,1028,18,18,51
2035,9,1029,17,17,51
2036,9,1029,16,236,51
2037,10,1030,11,311,51
2038,11,1031,6,46,51
2039,12,1032,18,718,51
2040,13,1033,10,190,51
2041,14,1034,0,720,51
2042,15,1035,14,174,51
2043,16,1036,2,322,51
2044,16,1036,6,86,51
2045,16,1036,1,361,51
2046,17,1037,6,286,51
2047,17,1037,3,963,51
2048,17,1037,9,449,51
2049,18,1038,0,540,51
2050,19,1039,6,846,51
2051,0,1040,7,7,52
2052,0,1040,8,148,52
2053,0,1040,0,580,52
2054,1,1041,6,466,52
2055,2,1042,17,17,52
2056,2,1042,19,159,52
2057,2,1042,5,1005,52
2058,3,1043,19,199,52
2059,3,1043,14,214,52
2060,3,1043,15,15,52
2061,4,1044,9,129,52
2062,5,1045,17,77,52
2063,5,1045,8,468,52
2064,5,1045,0,80,52
2065,6,1046,5,885,52
2066,7,1047,1,201,52
2067,7,1047,18,438,52
2068,7,1047,13,813,52
2069,8,1048,14,14,52
2070,8,1048,1,881,52
2071,9,1049,10,50,52
2072,10,1050,9,9,52
2073,10,1050,19,479,52
2074,11,1051,1,141,52
2075,11,1051,7,867,52
2076,11,1051,1,41,52
2077,12,1052,2,462,52
2078,12,1052,11,31,52
2079,13,1053,8,8,52
2080,14,1054,0,20,52
2081,14,1054,16,16,52
2082,14,1054,14,14,52
2083,15,1055,17,617,52
2084,15,1055,11,531,52
2085,16,1056,12,492,52
2086,17,1057,17,897,52
2087,17,1057,1,21,52
2088,17,1057,4,984,52
2089,18,1058,0,0,52
2090,18,1058,15,975,52
2091,18,1058,19,579,52
2092,19,1059,3,83,52
2093,0,1060,4,684,53
2094,0,1060,13,813,53
2095,0,1060,5,645,53
2096,1,1061,11,471,53
2097,2,1062,8,8,53
2098,2,1062,1,781,53
2099,3,1063,13,133,53
2100,4,1064,12,412,53
2101,4,1064,14,154,53
2102,5,1065,8,8,53
2103,6,1066,9,129,53
2104,6,1066,5,125,53
2105,6,1066,4,144,53
2106,7,1067,16,16,53
2107,7,1067,0,20,53
2108,8,1068,7,807,53
2109,9,1069,2,882,53
2110,10,1070,18,38,53
2111,11,1071,16,36,53
2112,12,1072,8,968,53
2113,13,1073,3,923,53
2114,13,1073,18,158,53
2115,14,1074,18,958,53
2116,14,1074,13,53,53
2117,15,1075,2,722,53
2118,15,1075,19,159,53
2119,15,1075,1,561,53
2120,16,1076,0,0,53
2121,16,1076,18,98,53
2122,16,1076,6,466,53
2123,17,1077,3,3,53
2124,17,1077,18,698,53
2125,18,1078,7,747,53
2126,18,1078,9,89,53
2127,19,1079,15,235,53
2128,0,1080,14,834,54
2129,0,1080,19,19,54
2130,0,1080,16,16,54
2131,1,1081,5,125,54
2132,1,1081,13,753,54
2133,2,1082,8,968,54
2134,2,1082,5,45,54
2135,3,1083,0,20,54
2136,3,1083,3,983,54
2137,4,1084,8,8,54
2138,4,1084,15,15,54
2139,5,1085,17,97,54
2140,6,1086,14,474,54
2141,6,1086,17,717,54
2142,7,1087,5,1025,54
2143,7,1087,18,18,54
2144,8,1088,10,190,54
2145,8,1088,2,462,54
2146,8,1088,9,509,54
2147,9,1089,1,761,54
2148,9,1089,6,26,54
2149,9,1089,8,468,54
2150,10,1090,6,886,54
2151,10,1090,13,13,54
2152,10,1090,9,9,54
2153,11,1091,7,7,54
2154,11,1091,13,13,54
2155,11,1091,3,3,54
2156,12,1092,12,472,54
2157,13,1093,19,139,54
2158,13,1093,13,13,54
2159,13,1093,9,429,54
2160,14,1094,11,991,54
2161,14,1094,15,15,54
2162,14,1094,10,50,54
2163,15,1095,13,833,54
2164,16,1096,9,9,54
2165,17,1097,15,15,54
2166,17,1097,19,19,54
2167,17,1097,2,2,54
2168,18,1098,13,253,54
2169,18,1098,15,995,54
2170,19,1099,9,709,54
2171,0,1100,14,14,55
2172,0,1100,12,52,55
2173,0,1100,16,56,55
2174,1,1101,2,322,55
2175,1,1101,10,30,55
2176,1,1101,5,825,55
2177,2,1102,10,190,55
2178,2,1102,16,516,55
2179,2,1102,9,9,55
2180,3,1103,13,13,55
2181,4,1104,18,38,55
2182,4,1104,15,75,55
2183,4,1104,2,242,55
2184,5,1105,9,649,55
2185,5,1105,8,148,55
2186,6,1106,1,241,55
2187,7,1107,10,450,55
2188,7,1107,13,313,55
2189,8,1108,3,3,55
2190,9,1109,15,15,55
2191,10,1110,2,182,55
2192,11,1111,18,58,55
2193,12,1112,14,14,55
2194,13,1113,2,2,55
2195,13,1113,10,230,55
2196,13,1113,8,648,55
2197,14,1114,11,31,55
2198,14,1114,15,15,55
2199,14,1114,2,2,55
2200,15,1115,16,36,55
2201,16,1116,3,143,55
2202,16,1116,6,466,55
2203,17,1117,8,8,55
2204,17,1117,12,552,55
2205,17,1117,1,21,55
2206,18,1118,2,722,55
2207,18,1118,6,646,55
2208,18,1118,5,65,55
2209,19,1119,10,970,55
2210,19,1119,19,59,55
2211,19,1119,5,605,55
2212,0,1120,6,546,56
2213,0,1120,15,1095,56
2214,0,1120,9,9,56
2215,1,1121,13,13,56
2216,1,1121,7,727,56
2217,2,1122,3,383,56
2218,3,1123,12,72,56
2219,4,1124,9,229,56
2220,4,1124,15,235,56
2221,5,1125,6,186,56
2222,5,1125,2,42,56
2223,6,1126,15,135,56
2224,6,1126,6,606,56
2225,6,1126,8,8,56
2226,7,1127,9,209,56
2227,7,1127,0,20,56
2228,8,1128,13,273,56
2229,8,1128,6,506,56
2230,9,1129,15,15,56
2231,9,1129,5,385,56
2232,10,1130,12,552,56
2233,10,1130,19,19,56
2234,10,1130,18,998,56
2235,11,1131,9,749,56
2236,11,1131,13,133,56
2237,11,1131,0,20,56
2238,12,1132,10,510,56
2239,12,1132,9,9,56
2240,12,1132,18,18,56
2241,13,1133,7,247,56
2242,13,1133,18,18,56
2243,13,1133,16,56,56
2244,14,1134,10,10,56
2245,15,1135,11,211,56
2246,16,1136,5,125,56
2247,16,1136,6,966,56
2248,16,1136,15,355,56
2249,17,1137,3,3,56
2250,17,1137,2,302,56
2251,18,1138,13,933,56
2252,18,1138,7,307,56
2253,18,1138,12,912,56
2254,19,1139,15,15,56
2255,19,1139,2,2,56
2256,19,1139,5,985,56
2257,0,1140,1,241,57
2258,0,1140,15,15,57
2259,0,1140,4,84,57
2260,1,1141,17,337,57
2261,1,1141,11,31,57
2262,2,1142,1,241,57
2263,2,1142,18,318,57
2264,2,1142,15,455,57
2265,3,1143,11,531,57
2266,3,1143,3,1063,57
2267,4,1144,8,528,57
2268,4,1144,14,1054,57
2269,5,1145,16,16,57
2270,5,1145,9,569,57
2271,5,1145,8,148,57
2272,6,1146,17,297,57
2273,6,1146,16,96,57
2274,6,1146,4,664,57
2275,7,1147,2,22,57
2276,8,1148,15,15,57
2277,8,1148,0,700,57
2278,9,1149,13,13,57
2279,9,1149,18,858,57
2280,9,1149,2,42,57
2281,10,1150,4,124,57
2282,11,1151,8,8,57
2283,11,1151,14,134,57
2284,11,1151,12,72,57
2285,12,1152,14,594,57
2286,13,1153,19,599,57
2287,13,1153,4,624,57
2288,13,1153,12,152,57
2289,14,1154,7,807,57
2290,15,1155,18,18,57
2291,15,1155,13,13,57
2292,16,1156,0,400,57
2293,16,1156,19,19,57
2294,17,1157,18,58,57
2295,17,1157,4,604,57
2296,18,1158,17,17,57
2297,18,1158,17,97,57
2298,19,1159,17,117,57
2299,19,1159,8,148,57
2300,19,1159,16,76,57
2301,0,1160,12,52,58
2302,0,1160,17,17,58
2303,0,1160,16,936,58
2304,1,1161,6,466,58
2305,1,1161,17,97,58
2306,1,1161,5,5,58
2307,2,1162,10,590,58
2308,2,1162,15,175,58
2309,2,1162,5,1025,58
2310,3,1163,2,182,58
2311,3,1163,15,15,58
2312,3,1163,9,1149,58
2313,4,1164,11,511,58
2314,4,1164,9,1069,58
2315,5,1165,19,179,58
2316,5,1165,19,19,58
2317,5,1165,3,43,58
2318,6,1166,3,223,58
2319,7,1167,10,170,58
2320,7,1167,9,9,58
2321,8,1168,17,17,58
2322,9,1169,15,15,58
2323,9,1169,4,124,58
2324,9,1169,18,138,58
2325,10,1170,14,474,58
2326,11,1171,11,1031,58
2327,11,1171,16,536,58
2328,11,1171,9,509,58
2329,12,1172,17,97,58
2330,13,1173,14,374,58
2331,13,1173,11,471,58
2332,13,1173,18,318,58
2333,14,1174,16,16,58
2334,15,1175,7,7,58
2335,16,1176,2,2,58
2336,16,1176,9,9,58
2337,16,1176,4,764,58
2338,17,1177,1,121,58
2339,18,1178,2,182,58
2340,18,1178,13,533,58
2341,19,1179,11,671,58
2342,19,1179,6,66,58
2343,19,1179,11,731,58
2344,0,1180,0,0,59
2345,0,1180,13,293,59
2346,1,1181,10,30,59
2347,1,1181,12,132,59
2348,1,1181,6,206,59
2349,2,1182,15,15,59
2350,2,1182,7,7,59
2351,2,1182,18,578,59
2352,3,1183,15,175,59
2353,4,1184,3,3,59
2354,5,1185,14,174,59
2355,5,1185,13,193,59
2356,5,1185,0,1040,59
2357,6,1186,13,513,59
2358,6,1186,12,12,59
2359,6,1186,16,16,59
2360,7,1187,8,8,59
2361,8,1188,16,16,59
2362,9,1189,14,14,59
2363,10,1190,8,768,59
2364,11,1191,3,323,59
2365,11,1191,9,249,59
2366,12,1192,8,128,59
2367,12,1192,4,764,59
2368,12,1192,1,521,59
2369,13,1193,13,13,59
2370,14,1194,18,458,59
2371,15,1195,15,575,59
2372,15,1195,1,901,59
2373,15,1195,9,9,59
2374,16,1196,16,16,59
2375,16,1196,5,125,59
2376,16,1196,8,8,59
2377,17,1197,19,39,59
2378,18,1198,4,604,59
2379,18,1198,10,30,59
2380,19,1199,1,461,59
2381,19,1199,14,14,59
2382,19,1199,2,422,59
2383,0,1200,18,798,60
2384,1,1201,12,12,60
2385,2,1202,13,13,60
2386,2,1202,10,330,60
2387,2,1202,18,538,60
2388,3,1203,9,269,60
2389,3,1203,14,414,60
2390,3,1203,11,371,60
2391,4,1204,9,9,60
2392,5,1205,10,130,60
2393,6,1206,17,377,60
2394,6,1206,18,658,60
2395,6,1206,11,31,60
2396,7,1207,19,1019,60
2397,7,1207,6,286,60
2398,7,1207,10,210,60
2399,8,1208,10,1150,60
2400,8,1208,4,164,60
2401,8,1208,11,231,60
2402,9,1209,15,15,60
2403,10,1210,6,86,60
2404,10,1210,19,19,60
2405,11,1211,4,184,60
2406,11,1211,6,206,60
2407,12,1212,3,83,60
2408,13,1213,3,3,60
2409,13,1213,5,785,60
2410,14,1214,5,445,60
2411,14,1214,9,9,60
2412,15,1215,4,524,60
2413,15,1215,8,348,60
2414,15,1215,0,120,60
2415,16,1216,7,7,60
2416,16,1216,6,86,60
2417,16,1216,16,96,60
2418,17,1217,7,1027,60
2419,17,1217,9,969,60
2420,17,1217,8,8,60
2421,18,1218,2,1002,60
2422,18,1218,8,8,60
2423,18,1218,14,114,60
2424,19,1219,3,3,60
